<?xml version="1.0" encoding="UTF-8"?>
<window>
    <defaultcontrol>1</defaultcontrol>
    <controls>
        <control type="image">
            <left>0</left>
            <top>0</top>
            <width>1920</width>
            <height>1080</height>
            <texture>common/semitransparent.png</texture>
        </control>
        <control type="group" id="1">
            <left>25</left>
            <top>0</top>
            <height>80</height>
            <width min="0" max="1920">auto</width>
            <control type="image">
                <aspectratio align="left" aligny="center">keep</aspectratio>
                <width>200</width>
                <left>0</left>
                <top>10</top>
                <height>175%</height>
                <texture background="true">$INFO[Window().Property(mrsp.poster)]</texture>
            </control>
            <control type="label">
                <description>Torrent name title</description>
                <left>200</left>
                <top>10</top>
                <width>100</width>
                <height>20</height>
                <font>font12</font>
                <textcolor>yellow</textcolor>
                <align>left</align>
                <aligny>top</aligny>
                <label>Title:</label>
            </control>
            <control type="label">
                <description>Torrent name</description>
                <left>300</left>
                <top>10</top>
                <width>1300</width>
                <height>20</height>
                <font>font12</font>
                <scroll>true</scroll>
                <textcolor>yellow</textcolor>
                <align>left</align>
                <aligny>top</aligny>
                <label>$INFO[Window().Property(mrsp.title)]</label>
            </control>
            <control type="label">
                <description>Torrent size title</description>
                <left>200</left>
                <top>40</top>
                <width>100</width>
                <height>20</height>
                <font>font12</font>
                <textcolor>yellow</textcolor>
                <align>left</align>
                <aligny>top</aligny>
                <label>Size:</label>
            </control>
            <control type="label">
                <description>Torrent size</description>
                <left>300</left>
                <top>40</top>
                <width>1300</width>
                <height>20</height>
                <font>font12</font>
                <textcolor>yellow</textcolor>
                <align>left</align>
                <aligny>top</aligny>
                <label>$INFO[Window().Property(mrsp.size)]</label>
            </control>
            <control type="label">
                <description>Torrent genre title</description>
                <left>200</left>
                <top>70</top>
                <width>100</width>
                <height>20</height>
                <font>font12</font>
                <textcolor>yellow</textcolor>
                <align>left</align>
                <aligny>top</aligny>
                <label>Genre:</label>
                <visible>!String.IsEmpty(Window().Property(mrsp.genre))</visible>
            </control>
            <control type="label">
                <description>Torrent Genre</description>
                <left>300</left>
                <top>70</top>
                <width>1300</width>
                <height>20</height>
                <font>font12</font>
                <textcolor>yellow</textcolor>
                <align>left</align>
                <aligny>top</aligny>
                <label>$INFO[Window().Property(mrsp.genre)]</label>
                <visible>!String.IsEmpty(Window().Property(mrsp.genre))</visible>
            </control>
            <control type="label">
                <description>Torrent Plot title</description>
                <left>200</left>
                <top>100</top>
                <width>100</width>
                <height>20</height>
                <font>font12</font>
                <textcolor>yellow</textcolor>
                <align>left</align>
                <aligny>top</aligny>
                <label>Plot:</label>
            </control>
            <control type="label">
                <description>Torrent Plot</description>
                <left>300</left>
                <top>100</top>
                <width>1300</width>
                <height>20</height>
                <font>font12</font>
                <textcolor>yellow</textcolor>
                <scroll>true</scroll>
                <align>left</align>
                <aligny>top</aligny>
                <label>$INFO[Window().Property(mrsp.plot)]</label>
            </control>
            <control type="list" id="2003">
                <description>Source Select List</description>
                <viewtype>list</viewtype>
                <left>0</left>
                <top>150</top>
                <width>1350</width>
                <height>800</height>
                <onup>2000</onup>
                <ondown>2000</ondown>
                <scrolltime tween="sine">400</scrolltime>
                <orientation>Vertical</orientation>
                <itemlayout height="100" width="1325">
                    <control type="label">
                        <description>Number</description>
                        <left>15</left>
                        <top>30</top>
                        <width>100</width>
                        <height>15</height>
                        <font>font12</font>
                        <textcolor>white</textcolor>
                        <align>left</align>
                        <aligny>bottom</aligny>
                        <label>[B]$INFO[ListItem.Property(mrsp.number)].[/B]</label>
                        <visible>!String.IsEmpty(ListItem.Property(mrsp.number))</visible>
                    </control>
                    <control type="image">
                        <aspectratio align="center" aligny="center">keep</aspectratio>
                        <left>0</left>
                        <top>15</top>
                        <width>180</width>
                        <height>60</height>
                        <texture background="true">$INFO[ListItem.Property(mrsp.type)]</texture>
                    </control>
                    <control type="label">
                        <description>Line1 link name</description>
                        <left>180</left>
                        <top>15</top>
                        <width>1240</width>
                        <height>15</height>
                        <font>font12</font>
                        <textcolor>white</textcolor>
                        <align>left</align>
                        <aligny>bottom</aligny>
                        <label>[B]$INFO[ListItem.Property(mrsp.name)][/B]</label>
                    </control>
                    <control type="label">
                        <description>Line2 uncached torrents</description>
                        <left>250</left>
                        <top>50</top>
                        <width>1170</width>
                        <height>15</height>
                        <font>font12</font>
                        <textcolor>white</textcolor>
                        <align>left</align>
                        <aligny>top</aligny>
                        <label>$INFO[ListItem.Property(mrsp.size)]</label>
                    </control>
                </itemlayout>
                <focusedlayout height="100" width="1325">
                    <control type="label">
                        <description>Number</description>
                        <left>15</left>
                        <top>30</top>
                        <width>100</width>
                        <height>15</height>
                        <font>font12</font>
                        <textcolor>white</textcolor>
                        <align>left</align>
                        <aligny>bottom</aligny>
                        <label>[B]$INFO[ListItem.Property(mrsp.number)].[/B]</label>
                        <visible>!String.IsEmpty(ListItem.Property(mrsp.number))</visible>
                    </control>
                    <control type="image">
                        <aspectratio align="center" aligny="center">keep</aspectratio>
                        <left>0</left>
                        <top>15</top>
                        <width>180</width>
                        <height>60</height>
                        <texture background="true">$INFO[ListItem.Property(mrsp.type)]</texture>
                    </control>
                    <control type="label">
                        <description>Line1 link name</description>
                        <left>180</left>
                        <top>15</top>
                        <width>1240</width>
                        <height>25</height>
                        <font>font12</font>
                        <textcolor>gray</textcolor>
                        <align>left</align>
                        <aligny>bottom</aligny>
                        <label>[B]$INFO[ListItem.Property(mrsp.name)][/B]</label>
                    </control>
                    <control type="label">
                        <description>Line2 uncached torrents</description>
                        <left>250</left>
                        <top>50</top>
                        <width>1170</width>
                        <height>25</height>
                        <font>font12</font>
                        <textcolor>gray</textcolor>
                        <align>left</align>
                        <aligny>top</aligny>
                        <label>$INFO[ListItem.Property(mrsp.size)]</label>
                    </control>
                </focusedlayout>
            </control>
            <control type="label">
                <description>Pagination</description>
                <left>30</left>
                <top>950</top>
                <width>600</width>
                <height>20</height>
                <font>font12</font>
                <textcolor>yellow</textcolor>
                <align>left</align>
                <aligny>top</aligny>
                <label>Total Items: $INFO[Window().Property(mrsp.total_items)] $INFO[Container(2003).CurrentPage, ( Page ]$INFO[Container(2003).NumPages,/, )]</label>
            </control>
        </control>
    </controls>
</window>
