<?xml version="1.0" encoding="UTF-8"?>
<addon id="plugin.video.dscmovieshub" version="1.1.6" name="[COLOR teal]DSCMoviesHub[/COLOR]" provider-name="DSCMoviesHub">
    <requires>
        <import addon="xbmc.python" version="3.0.0"/>
        <import addon="script.module.requests" version="2.22.0"/>
    </requires>
    <extension point="xbmc.python.pluginsource" library="default.py">
        <provides>video</provides>
    </extension>
    <extension point="xbmc.addon.metadata">
        <summary lang="ro">[COLOR blue]DSC MoviseHUB - Streaming România:Cu drag pentru tine![/COLOR][COLOR lime][/COLOR]</summary>
        <description lang="ro">[COLOR blue]Bine ai venit pe DSC MoviseHUB locul unde pasiunea pentru Filme prinde viață!.[/COLOR][COLOR red][/COLOR]</description>
        <disclaimer lang="ro">[COLOR blue]Aici găsești cele mai noi filme,cele mai populare seriale HD. Totul este disponibil gratuit, fără cont sau abonament..[/COLOR][COLOR yellow][/COLOR]</disclaimer>
        <language>ro</language>
        <platform>all</platform>
        <assets>
            <icon>icon.png</icon>
            <fanart>fanart.jpg</fanart>
        </assets>
    </extension>
</addon>