<?xml version="1.0" encoding="UTF-8" standalone="yes"?>
<addon id="plugin.video.romanianpack"
       name="MRSP Lite"
       version="1.2.4"
       provider-name="Sarsailă, Angelitto">
  <requires>
    <import addon="xbmc.python" version="3.0.0"/>
	<import addon="script.module.requests" version="2.22.0"/>
    <import addon="script.module.resolveurl" version="5.0.06"/>
    <import addon="plugin.video.elementum" optional="true" />
    <import addon="script.module.torrent2http" />
    <import addon="repository.angelitto" version="1.0.0" />
  </requires>
  <extension point="xbmc.python.pluginsource"
            library="default.py">
        <provides>video</provides>
  </extension>
  <extension point="kodi.context.item">
    <menu id="kodi.core.main">
        <item library="resources/lib/context.py">
            <label>Play with MRSP</label>
            <visible>!String.StartsWith(ListItem.path,plugin://plugin.video.romanianpack/)+[String.IsEqual(ListItem.dbtype,episode)|String.IsEqual(ListItem.dbtype,movie)]</visible>
        </item>
    </menu>
</extension>
  <extension point="xbmc.service" name="mrsp.service" library="service.py" />
  <extension point="xbmc.addon.metadata">
    <summary>Site-uri cu filme subtitrate in limba romana</summary>
    <description>Colectie de site-uri cu filme si seriale traduse in limba romana</description>
    <platform>all</platform>
    <disclaimer lang="en">The author of this addon do not host any of the content which is found and have no affiliation with any of the content providers. This addon simply searches websites for content. Use at your own risk!</disclaimer>
    <disclaimer lang="ro">Autorul acestui supliment nu găzduiește conținutul găsit și nu are nicio legătură cu furnizorii de conținut. Acest supliment doar caută conținutul furnizat de site-uri web. Folosiți-l pe propria răspundere! </disclaimer>
    <news>
1.2.4
- Fixed watched status in Kodi
when using context and "Play with MRSP"
- Fixed some visual issues

1.2.3
- Fixed watched status in Kodi
when using TMDB Helper and MRSP Lite player

1.2.2
Fixed Speedapp

1.2.0
Fixed autosub addon exclusions
    </news>
    <assets>
        <icon>icon1.png</icon>
		<fanart>fanart1.jpg</fanart>
    </assets>
  </extension>
</addon>
