<?xml version="1.0" encoding="UTF-8"?>
<addon id="plugin.video.tmdbmovies" version="1.0.5" name="[B][COLOR FFFDBD01]TMDb Movies[/COLOR][/B]" provider-name="[B][COLOR FF6AFB92]Angelitto[/COLOR][/B]">
    <requires>
        <import addon="xbmc.python" version="3.0.0"/>
        <import addon="script.module.requests" version="2.22.0"/>
    </requires>
    <extension point="xbmc.python.pluginsource" library="service.py">
        <provides>video</provides>
    </extension>
	<extension point="xbmc.service" library="service.py" />
    <extension point="xbmc.addon.metadata">
        <summary lang="ro">Sursa ta de filme și seriale</summary>
        <description lang="ro">Filme și Seriale populare folosind API-ul TMDB.</description>
        <disclaimer lang="ro">Acest addon este un motor de căutare video. Nu găzduim conținut.</disclaimer>
        <language>ro</language>
        <platform>all</platform>
        <assets>
            <icon>icon.png</icon>
            <fanart>icon.png</fanart>
        </assets>
    </extension>
</addon>