<?xml version="1.0" encoding="UTF-8"?>
<addon id="plugin.video.tmdbmovies" version="1.0.9" name="[B][COLOR FFFDBD01]TMDb Movies[/COLOR][/B]" provider-name="[B][COLOR FF6AFB92]Angelitto[/COLOR][/B]">
    <requires>
        <import addon="xbmc.python" version="3.0.0"/>
        <import addon="script.module.requests" version="2.22.0"/>
    </requires>
    <extension point="xbmc.python.pluginsource" library="service.py">
        <provides>video</provides>
    </extension>
	<extension point="xbmc.service" library="service.py" />
    <extension point="kodi.context.item">
        <menu id="kodi.core.main">
            <item library="context.py">
                <label>[B][COLOR FF6AFB92]TMDb INFO[/COLOR][/B]</label>
                <visible>String.IsEqual(Window(10000).Property(TMDbMovies.ContextMenu),true) + [String.IsEqual(ListItem.DBTYPE,movie) | String.IsEqual(ListItem.DBTYPE,tvshow) | String.IsEqual(ListItem.DBTYPE,episode) | String.IsEqual(ListItem.DBTYPE,season) | !String.IsEmpty(ListItem.InfoLabel(mediatype))]</visible>
            </item>
        </menu>
    </extension>
    <extension point="xbmc.addon.metadata">
        <summary lang="ro">Sursa ta de filme și seriale</summary>
        <description lang="ro">[B][COLOR FF009900]Filme și Seriale populare folosind API-ul TMDB.[/COLOR][/B]</description>
        <disclaimer lang="ro">Acest addon este un motor de căutare video. Nu găzduim conținut.</disclaimer>
        <language>ro</language>
        <platform>all</platform>
        <assets>
            <icon>icon.png</icon>
            <fanart>icon.png</fanart>
        </assets>
    </extension>
</addon>