<?xml version="1.0" encoding="UTF-8" standalone="yes"?>
<addon id="plugin.video.romanianpack"
       name="[B][COLOR FFFDBD01]MRSP Lite[/COLOR][/B]"
       version="1.2.19"
       provider-name="Sarsailă, [B][COLOR FF6AFB92]Angelitto[/COLOR][/B]">
  <requires>
    <import addon="xbmc.python" version="3.0.0"/>
	<import addon="script.module.requests" version="2.22.0"/>
    <import addon="script.module.resolveurl" version="5.0.06"/>
    <import addon="plugin.video.elementum" optional="true" />
    <import addon="script.module.torrent2http" />
    <import addon="repository.angelitto" version="1.0.0" />
  </requires>
  <extension point="xbmc.python.pluginsource"
            library="default.py">
        <provides>video</provides>
  </extension>
  <extension point="kodi.context.item">
    <menu id="kodi.core.main">
        <item library="resources/lib/context.py">
            <label>[B][COLOR FFFDBD01]Play with MRSP[/COLOR][/B]</label>
            <visible>!String.StartsWith(ListItem.path,plugin://plugin.video.romanianpack/)+[String.IsEqual(ListItem.dbtype,episode)|String.IsEqual(ListItem.dbtype,movie)]</visible>
        </item>
    </menu>
</extension>
  <extension point="xbmc.service" name="mrsp.service" library="service.py" />
  <extension point="xbmc.addon.metadata">
	<summary>Motor de căutare și redare Torente</summary>
    <description>[B][COLOR FF009900]Browser și Player pentru torente video[/COLOR][/B]</description>
    <platform>all</platform>
    <disclaimer lang="en">The author of this addon do not host any of the content which is found and have no affiliation with any of the content providers. This addon simply searches websites for content. Use at your own risk!</disclaimer>
    <disclaimer lang="ro">Autorul acestui supliment nu găzduiește conținutul găsit și nu are nicio legătură cu furnizorii de conținut. Acest supliment doar caută conținutul furnizat de site-uri web. Folosiți-l pe propria răspundere! </disclaimer>
    <news>
1.2.13
- Removed all streaming websites support.
- The addon is now strictly Torrent-based.
- Cleaned up Settings menu.
- Direct access to Torrents menu on startup.
- Code optimization and performance improvements.

1.2.12
- Fixed some small bugs

1.2.11
- Fixed Recente
- Enhanced UI
- Better filterring for Filelist, Uindex and Speedapp
- Better search with TMDb Player (MRSP Lite)
- Fixed MISC: Mod Cautare Context Global Si Trakt

1.2.10
- Fixed YTS

1.2.9
- Fixed Speedapp

1.2.8
- Fixed marked as watched in Trakt
- Fixed the section Văzute
- Fixed cleaning for Văzute, Favorite and Căutare

1.2.7
- Fixed Trakt
- Added Trakt Favorited and Anticipated lists
- Added Trakt User Lists
- Fixed MetaInfo IMDb

1.2.6
Fixed YTS

1.2.5
Added UIndex

1.2.4
- Fixed watched status in Kodi
when using context and "Play with MRSP"
- Fixed some visual issues

1.2.3
- Fixed watched status in Kodi
when using TMDB Helper and MRSP Lite player

1.2.2
Fixed Speedapp

1.2.0
Fixed autosub addon exclusions
    </news>
    <assets>
        <icon>icon1.png</icon>
		<fanart>fanart1.jpg</fanart>
    </assets>
  </extension>
</addon>
