<?xml version="1.0" encoding="UTF-8" standalone="yes"?>
<addon id="service.subtitles.titrariro"
       name="[B][COLOR FFF778A1]Titrari.ro[/COLOR][/B]"
       version="2.0.8"
       provider-name="Sarsailă, [B][COLOR FF6AFB92]Angelitto[/COLOR][/B]">
  <requires>
    <import addon="xbmc.python" version="3.0.0"/>
    <import addon="script.module.requests" version="2.22.0"/>
	<import addon="script.module.beautifulsoup4" version="4.9.3"/>
	<import addon="vfs.rar" version="1.0.0" />
  </requires>
  <extension point="xbmc.subtitle.module"
             library="service.py" />
  <extension point="xbmc.addon.metadata">
    <summary lang="en">Subtitrări de pe Titrari.ro</summary>
    <description lang="en">[B][COLOR FF009900]Cauta si descarca subtitrari de pe Titrari.ro[/COLOR][/B]</description>
    <platform>all</platform>
    <license>GNU GENERAL PUBLIC LICENSE. Version 2, June 1991</license>
    <website>https://titrari.ro</website>
    <assets>
        <icon>icon.png</icon>
		<fanart>icon.png</fanart>
    </assets>
    <news>
2.0.8
- Afiseaza numele traducatorului sub streag
- Reparat cateva buguri mici

2.0.7
- Algoritm nou de cautare

2.0.6
- Fix bugs

2.0.5
- Filtrare mai performanta

2.0.4
- Ajustari culori

2.0.3
- Boom shakalaka
- Merg arhivele RAR pe Android

2.0.2
- Filtrare mai corecta
- Imbunatatiri arhive ZIP cu subfoldere
- Imbunatatiri arhive RAR

2.0.1
Îmbunătățiri vizuale UI

2.0.0
- Reparat un bug care impiedica filtrarea corecta a subtitrarilor pe episod.
- Imbunatatita logica de cautare pentru a functiona cu add-on-uri externe (ex: Elementum, TMDB Helper).
- Remediată extragerea subtitrărilor din arhivele RAR.
- Adaugat suport pentru extragerea arhivelor RAR pe toate platformele (Windows, OSMC, Android) prin unelte externe.
- Curatare automata a fisierelor temporare la fiecare rulare.
- Imbunatatita lizibilitatea textului in lista de rezultate.
- Adaugat suport pentru cautare cand in nume apar coduri de tara (US, UK).
    </news>
  </extension>
</addon>