<?xml version="1.0" encoding="UTF-8" standalone="yes"?>
<addon id="service.subtitles.subsro"
       name="[B][COLOR FFFDBD01]Subs.ro[/COLOR][/B]"
       version="2.5.5"
       provider-name="Sarsailă, LEONTIN, [B][COLOR FF6AFB92]Angelitto[/COLOR][/B]">
  <requires>
    <import addon="xbmc.python" version="3.0.0"/>
    <import addon="script.module.requests" version="2.22.0"/>
    <import addon="script.module.beautifulsoup4" version="4.9.3"/>
	<import addon="vfs.rar" version="1.0.0" />
  </requires>
  <extension point="xbmc.subtitle.module"
             library="service.py" />
  <extension point="xbmc.addon.metadata">
    <summary lang="ro">Subtitrări de pe Subs.ro</summary>
    <summary lang="en">Subs.ro Subtitles</summary>
    <description lang="ro">[B][COLOR FF009900]Cauta si descarca subtitrari de pe subs.ro[/COLOR][/B]</description>
    <description lang="en">[B][COLOR FF009900]Search and download subtitles from subs.ro[/COLOR][/B]</description>
    <platform>all</platform>
    <license>GNU GENERAL PUBLIC LICENSE. Version 2, June 1991</license>
    <website>https://subs.ro</website>
    <news>
2.5.5
- Imbunatatit extragere arhive ZIP mai complexe

2.5.4
- Boom shakalaka
- Merg arhivele RAR pe Android

2.5.3
Filtrare mai corecta

2.5.2
Îmbunătățiri vizuale UI

2.5.1
Mărime redusă a pachetului pentru o instalare mai rapidă

2.5.0
- Reparat un bug care impiedica filtrarea corecta a subtitrarilor pe episod.
- Imbunatatita logica de cautare pentru a functiona cu add-on-uri externe (ex: MRSP, Elementum, TMDB Helper).
- Adaugat suport pentru extragerea arhivelor RAR pe toate platformele (Windows, OSMC, Android) prin unelte externe.
- Curatare automata a fisierelor temporare la fiecare rulare.
- Imbunatatita lizibilitatea textului in lista de rezultate.
- Adaugat suport pentru cautare cand in nume apar coduri de tara (US, UK).
- Remediată extragerea subtitrărilor din arhivele RAR</news>
    <assets>
      <icon>icon.png</icon>
    </assets>
  </extension>
</addon>
