<?xml version="1.0" encoding="UTF-8" standalone="yes"?>
<addon id="service.subtitles.opensubtitles-v3" name="OpenSubtitlesv3" version="1.0.1" provider-name="YourName">
    <requires>
        <import addon="xbmc.python" version="3.0.0"/>
        <import addon="script.module.requests" version="2.25.1"/>
    </requires>
    <extension point="xbmc.subtitle.module" library="main.py" />
    <extension point="xbmc.addon.metadata">
        <summary lang="ro">Suport subtitrări via OpenSubtitles v3 JSON</summary>
        <description lang="ro">Prelucrează subtitrări de pe endpoint-ul OpenSubtitles v3.</description>
        <platform>all</platform>
    </extension>
</addon>