<?xml version="1.0" encoding="UTF-8" standalone="yes"?>
<addon id="service.subtitles.subsroteam"
       name="Subs.ro Subtitles"
       version="1.1.1"
       provider-name="LEONTIN">
  <requires>
    <import addon="xbmc.python" version="3.0.0"/>
	<import addon="script.module.requests" version="2.22.0"/>
    <import addon="script.module.beautifulsoup4" version="4.9.3"/>
    <import addon="vfs.rar" version="1.0.0" />
  </requires>
  <extension point="xbmc.subtitle.module"
             library="service.py" />
  <extension point="xbmc.addon.metadata">
    <summary lang="ro">Subtitrări de pe Subs.ro</summary>
    <summary lang="en">Subs.ro Subtitles</summary>
    <description lang="ro">Descarcă subtitrări de pe subs.ro. Creat de LEONTIN @subs.ro TEAM.</description>
    <description lang="en">Download subtitles from subs.ro. Created by LEONTIN @subs.ro TEAM.</description>
    <platform>all</platform>
    <license>GNU GENERAL PUBLIC LICENSE. Version 2, June 1991</license>
    <website>https://subs.ro</website>
    <news></news>
    <settings>resources/settings.xml</settings>
    <assets>
      <icon>icon.png</icon>
	  <fanart>icon.png</fanart>
    </assets>
  </extension>
</addon>