<?xml version="1.0" encoding="UTF-8" standalone="yes"?>
<addon id="service.subtitles.wyzie" name="Wyzie Subtitles" version="1.0.1" provider-name="Wyzie">
    <requires>
        <import addon="xbmc.python" version="3.0.0"/>
        <import addon="script.module.requests" version="2.27.1"/>
    </requires>
    <extension point="xbmc.subtitle.module" library="service.py" />
    <extension point="xbmc.addon.metadata">
        <summary lang="ro">Subtitrări Wyzie.ru</summary>
        <description lang="ro">Descarcă subtitrări folosind API-ul Wyzie pentru filme și seriale.</description>
        <platform>all</platform>
    </extension>
</addon>




