<?xml version="1.0" encoding="UTF-8" standalone="yes"?>
<addon id="script.service.fastautosubs" name="[B][COLOR FF00BFFF]Fast AutoSubs[/COLOR][/B]" version="1.0.11" provider-name="[B][COLOR FF6AFB92]Angelitto[/COLOR][/B]">
    <requires>
        <import addon="xbmc.python" version="3.0.0"/>
    </requires>
    <extension point="xbmc.service" library="service.py"/>
    <extension point="xbmc.addon.metadata">
        <summary lang="en_GB">Smart background subtitle downloader</summary>
        <description lang="en_GB">[B][COLOR FF009900]Automatically downloads subtitles in the background from Subs.ro and falls back to standard search for others.[/COLOR][/B]</description>
        <platform>all</platform>
		<assets>
	    <icon>icon.png</icon>
	    <fanart>icon.png</fanart>    
		<screenshot>icon.png</screenshot>
		<screenshot>resources/media/pic1.jpg</screenshot>
		<screenshot>resources/media/pic2.jpg</screenshot>				
	</assets>
    </extension>
</addon>