<?xml version="1.0" encoding="UTF-8" standalone="yes"?>
<addon id="service.subtitles.subtitrarinoiro"
       name="[B][COLOR FFF70D1A]Subtitrari-[/COLOR][/B][B][COLOR FF009900]noi.ro[/COLOR][/B]"
       version="2.0.5"
       provider-name="Sarsailă, [B][COLOR FF6AFB92]Angelitto[/COLOR][/B]">
  <requires>
    <import addon="xbmc.python" version="3.0.0"/>
    <import addon="script.module.requests" version="2.22.0"/>
    <import addon="script.module.beautifulsoup4" version="4.9.3"/>
    <import addon="vfs.rar" version="1.0.0" />
  </requires>
  <extension point="xbmc.subtitle.module"
             library="service.py" />
  <extension point="xbmc.addon.metadata">
    <summary lang="en">Subtitrari-noi.ro</summary>
    <description lang="en">[B][COLOR FF009900]Cauta si descarca subtitrari de pe subtitrari-noi.ro[/COLOR][/B]</description>
    <disclaimer lang="en"></disclaimer>
    <platform>all</platform>
    <license>GNU GENERAL PUBLIC LICENSE. Version 2, June 1991</license>
    <website>https://www.subtitrari-noi.ro/</website>
    <assets>
        <icon>icon.png</icon>
    </assets>
    <news>
2.0.5
- Afiseaza numele traducatorului sub streag
- Reparat cateva buguri mici

2.0.4
- Algoritm nou de cautare

2.0.3
- Fix bugs

2.0.2
- Filtrare performanta
- Fix extragere din arhive ZIP si RAR cu subfoldere

2.0.1
- Imbunatatiri vizuale UI

2.0.0
Cod refactorizat pentru a se alinia cu actualizarile sitului
    </news>
  </extension>
</addon>
